{
  "hash": "91a8c35f",
  "configHash": "5b70f8e5",
  "lockfileHash": "f71c2727",
  "browserHash": "fd8ea588",
  "optimized": {
    "@angular/common": {
      "src": "../../../../../node_modules/@angular/common/fesm2022/common.mjs",
      "file": "@angular_common.js",
      "fileHash": "06ccad57",
      "needsInterop": false
    },
    "@angular/common/http": {
      "src": "../../../../../node_modules/@angular/common/fesm2022/http.mjs",
      "file": "@angular_common_http.js",
      "fileHash": "e1868618",
      "needsInterop": false
    },
    "@angular/core": {
      "src": "../../../../../node_modules/@angular/core/fesm2022/core.mjs",
      "file": "@angular_core.js",
      "fileHash": "8d0ea7e1",
      "needsInterop": false
    },
    "@angular/forms": {
      "src": "../../../../../node_modules/@angular/forms/fesm2022/forms.mjs",
      "file": "@angular_forms.js",
      "fileHash": "8f42ee5d",
      "needsInterop": false
    },
    "@angular/platform-browser": {
      "src": "../../../../../node_modules/@angular/platform-browser/fesm2022/platform-browser.mjs",
      "file": "@angular_platform-browser.js",
      "fileHash": "1d3b0994",
      "needsInterop": false
    },
    "@angular/router": {
      "src": "../../../../../node_modules/@angular/router/fesm2022/router.mjs",
      "file": "@angular_router.js",
      "fileHash": "c3780523",
      "needsInterop": false
    },
    "rxjs": {
      "src": "../../../../../node_modules/rxjs/dist/esm5/index.js",
      "file": "rxjs.js",
      "fileHash": "77c724db",
      "needsInterop": false
    }
  },
  "chunks": {
    "chunk-PX4P436K": {
      "file": "chunk-PX4P436K.js"
    },
    "chunk-PVIEUMMW": {
      "file": "chunk-PVIEUMMW.js"
    },
    "chunk-ALLMIGPF": {
      "file": "chunk-ALLMIGPF.js"
    },
    "chunk-FJEDIQEH": {
      "file": "chunk-FJEDIQEH.js"
    },
    "chunk-ZLMZVGHN": {
      "file": "chunk-ZLMZVGHN.js"
    }
  }
}